num,pairs,text
2,"('entró', '')",Desde entonces entró en silencio absoluto.
4,"('ministro', 'suelen')","Por su boca suelen hablar de vez en cuando tanto el ministro de Relaciones Exteriores, José Vicente Rangel, verdadero ""portavoz"" del Gobierno, como el presidente de la Comisión Legislativa Nacional (CLN), o Congresillo, Luis Miquilena, que es quien aparentemente tiene todos los resortes en el nuevo escenario electoral."
5,"('sabe', '')","Por la Cancillería se sabe que la gira presidencial prevista entre el 16 y el 25 de junio por varios países de la Organización de Países Exportadores de Petróleo (OPEP), con el fin de afinar detalles de cara a la II Cumbre de ese cartel petrolero en Caracas, está en el alero hasta que se fijen los comicios."
13,"('Hurtado', 'declaró')","""El pueblo puede estar seguro de que aquí no existe nada de conspiración, ni está preso nadie por esos motivos tampoco"", declaró Hurtado en una rueda de prensa."
14,"('Añadió', '')","Añadió que desconoce la procedencia de los rumores, que estarían motivados por una supuesta división en la milicia entre los partidarios de Chávez y los seguidores del aspirante presidencial y también militar retirado, Francisco Arias Cárdenas, quien sí se ha explayado al dar sus opiniones sobre la ""payasada"" del aplazamiento electoral"
18,"('es', '')","Y es que los coroneles rebeldes gozan de una amplia simpatía entre la población, pues, según las encuestas, la mayoría considera positivo el que hayan apoyado a los movimientos sociales que exigían la salida de Mahuad, acusado de haber ahondado la crisis económica que afecta al país."
24,"('dirigente', 'indicó')","""Vamos a estar vigilantes de que se cumpla la Constitución y que la amnistía sea total, es que luego no se tomen retaliaciones o venganzas contra los militares a pretexto de una sanción disciplinaria"", indicó el dirigente."
25,"('Agregó', '')","Agregó que si los mandos militares no acatan a plenitud la amnistía, ""que es una posición de la mayoría de la población"", e imponen sanciones disciplinarias que podrían llegar hasta la separación de los rebeldes de las filas castrenses, los grupos sociales retomarán las movilizaciones y se podría llegar ""a una convulsión mayor""."
27,"('Pons', 'afirmó')","La aprobación de la amnistía ""es una muestra de responsabilidad cívica del Congreso ecuatoriano"" , con el fin de"" olvidarnos de los hechos pasados para construir una nueva historia "", afirmó Pons"
28,"('vi', '')","Hace un par de días, en una nica acera vi cinco contenedores juntos: un contenedor metálico verde (para reciclar vidrio); un contenedor metálico amarillo (para reciclar papeles: ¡pero no cartones!, aclaraba); otro contenedor verde (pero de plástico: para la basura normal); otro contenedor amarillo (más pequeño, acoplado al del papel, para reciclar pilas normales); y otro más pequeño aún (colocado sobre el anterior para las pilas botón)."
33,"('eso', 'acabó')","Y, en la mesa, se acabó eso de usar los palillos una sola vez y tirarlos."
34,"('Hay', '')","Hay que recogerlos una vez usados, fregar los restos de comida que hayan quedado adheridos y ponerlos a secar."
37,"('conseguiremos', '')","Convenientemente ensartados en un hilo de nylon, y alternados con los huesos de las aceitunas del aperitivo (que habremos guardado, evidentemente: ¡aquí no se tira nada!) conseguiremos un bonito collar recycled ecological para regalar por ejemplo a la asistenta."
40,"('quemamos', '')",Y nos quemamos.
41,"('pensar', '')",Hemos debido pensarlo.
42,"('Resultaban', '')",Resultaban demasiado baratos para ser buenos.
43,"('descubrimos', '')","Por eso, cuando destapamos la caja hace algunos días, descubrimos que los tres reyes eran blancos y que, en vez de un Niño Jesús, había dos."
49,"('una', 'explicó')",- Ya sé qué ocurre - explicó una de mis hijas -.
61,"('algo', 'ocurriendo')","Claro que cuando Felipe González (que a lo que parece no ha perdido del todo el carisma aquel que tuvo) lanza piropos a Aznar, y le seduce con cenas y discursos y lo califica de clara alternativa (acaso también en el clásico sentido de claro / ilustre) está ocurriendo algo desolador y terrible, igual que si, llegado al Gobierno, José María Aznar se volcase en mieles dialécticas con González."
62,"('conceden', '')","Pero en el Madrid ya sucedió la temporada pasada no le conceden demasiada importancia a esos detalles: quien va primero en solitario no necesita - basket average -, piensan."
63,"('Chechu', 'reconocía')","- Quizá lo lamentemos más tarde -, reconocía Chechu Biriukov..."
65,"('denegando', '')","En defensa, denegando el balón a los hombres altos del Madrid, cosa que tres días antes no había conseguido nunca, y eso que los blancos encestaban poco desde lejos y debería haber sido posible - flotar - con más eficacia sobre la pareja Sabonis-Arlauckas."
69,"('es', '')","Lo que sucede es que las múltiples adaptaciones que tenía que hacer Aíto tenían más miga que el retoque defensivo madridista (que, por otra parte, funcionó bien)."
71,"('Aíto', 'intentó')","- Por qué no la intentó Aíto en Madrid, donde no estaba Kurtinaitis y ningún blanco tiraba, y sí en Barcelona?"
72,"('sabremos', '')","Nunca sabremos la respuesta, pero sí que ahí se acabó el partido de ayer."
74,"('Hay', '')",Hay cosas que este Barcelona no podrá quizá nunca resolver contra un Madrid en buena forma.
79,"('rumor', 'comenzaba')",Por el país comenzaba a correr el rumor de tus nombres y las ganas de verte.
80,"('quedaba', '')",Cuando alguien se asomaba se quedaba enganchado.
85,"('Fuiste', '')","Fuiste a Barcelona, viniste a Madrid, viajaste por ahí y en todos los lugares nos cuidaste el paladar."
87,"('pudiste', '')","No pudiste, pero nos dio igual."
88,"('saltaste', '')","Luego saltaste a otra Europa, dejaste un manojo de estilo y regresaste con lo más bonito del sueño."
95,"('trató', '')","No se trató, por añadidura, de un contraataque eléctrico por elegante o irresistible por brutal, resuelto en tres pases de escueta y relampagueante verticalidad."
99,"('optó', '')","Incluso optó, en la fase intermedia de la jugada, por entretenerse en la banda derecha y cargarse, en su deambular inteligente y gentil, de tanta paciencia como veneno."
100,"('Progresó', '')","Progresó, pasó de una bota a otra anunciando con susurros sus intenciones y llegó hasta las de Caminero."
104,"('sido', '')","Ha sido y - hoy lo sabemos - sigue siendo, por fortuna, uno de los hombres cruciales para el porvenir del Real Madrid."
106,"('dar', '')",Para poder darle la bienvenida como se merece cuando regrese al timón.
107,"('Esperemos', '')",Esperemos que muy pronto.
111,"('hacer', '')",Pero sin hacer peligrar la integridad física de los ciclistas ni interferirse en guerras ajenas que nada pueden solucionar.
118,"('Amenaza', '')","Amenaza con ganarlo todo: la general, la montaña, la clasificación por puntos..."
125,"('encontrar', '')","Muy entero debe de encontrarse para verter sobre el asfalto unas energías a las que deberá apelar en los momentos importantes que aún quedan por desvelar sus rudos secretos (Valdezcaray, Covadonga, Avila y Segovia)."
127,"('conjeturas', 'lanzado')","De hecho, se han lanzado numerosas conjeturas sin demostración científica alguna, ya que la falta de recubrimiento en los anfibios (lo cual, por otra parte, les hace muy resbaladizos para sus depredadores, faceta de gran utilidad para su supervivencia), y las pieles cubiertas de pelo, lana o cerdas de los mamíferos, muy especializadas y perfeccionadas y sin claros precursores en la carrera evolutiva, hacen la comparación más problemática."
128,"('es', '')","Sea como fuere, lo que está claro es que la piel supone para los animales el principal medio para aislarse del exterior."
133,"('sirva', '')","Como ejemplo sirva la de la mismísima cebra, de conocido y curioso diseño a base de rayas blancas y negras."
136,"('animales', 'alcanzan')","El no va más lo alcanzan aquellos animales que cambian de color al momento o incluso mudan sus pieles o plumas para adecuarse a los tonos cromáticos del entorno, tal como hacen la liebre variable y la perdiz nival, pardas en verano y totalmente blancas en invierno."
141,"('parece', '')","Al igual que en las parejas humanas, parece ser que a las aves que han logrado una relación armoniosa gracias a la experiencia les va mejor en la crianza que a los recién casados."
142,"('hay', '')",Pero hay un inconveniente que repercute en la generosidad del macho.
145,"('escoja', '')","Tal vez escoja permanecer disponible para su compañero, en el caso de que se destruya la primera puesta y él pida otra que la sustituya."
146,"('elegir', '')",Pero también podría elegir buscar otro macho que esté inmediatamente dispuesto para la segunda nidada.
148,"('problema', 'dice')","Se dice que un problema de celos provocados por la actitud excesivamente galante hacia su mujer del barón Georges d'Anthes, un realista francés asiduo de los salones de sociedad."
150,"('complacencia', 'reinaba')","Aunque el zar Nicolás I intentó resarcir a su viuda con una renta anual de 11.000 rublos y la edición de sus obras completas, entre la rancia nobleza reinaba la complacencia: habían callado para siempre a un poeta - non grato -."
159,"('trata', '')","Se trata del Gravitational Red Shift Rocket Experiment, dirigido por dos científicos, Robert Vessot y Martin Lavine, del Observatorio Astrofísico Smithsonian, perteneciente a la Universidad de Harvard."
167,"('Rambarum', 'dice')","Verulam será siempre recordada como la primera localidad sudafricana donde se instaló un campo de refugiados -, dice Rambarum."
171,"('murió', '')",- No murió en el acto.
172,"('tía', 'explica')","Lo remataron -, explica su tía Cristia."
176,"('tía', 'dice')","- Está un poco afectado por todo lo sucedido -, dice con tono exculpatorio su tía."
178,"('cupón', 'entrega')",A cada residente del campo se le entrega un cupón.
179,"('Da', '')",Da derecho a un plato de judías y a un zumo de naranja.
182,"('saco', 'encuentra')",En muchas tan sólo se encuentra un saco con ropa.
184,"('dicen', '')","- No sabíamos si íbamos a poder conseguir algo -, dicen."
188,"('pregunta', '')","¿Por qué? -, se pregunta."
191,"('cinco', 'Son')",Son las cinco de la mañana.
193,"('hierba', 'crecía')","Aquí, en el Sur Bronx, no crecía más que la mala hierba."
194,"('José', 'llegó')",Hasta que un buen día llegó José Soto y plantó unos cilandrillos.
195,"('levantó', '')",Y después levantó cuatro paredes de madera y le puso un - silin - (techo) al chiringuito.
196,"('dio', '')",Y luego dio una fiesta e invitó a sus amigos.
197,"('cantaron', '')","Y cantaron la - plena -, bailaron la - bomba -, comieron - mondongo - y jugaron al dominó, como si en vez de Nueva York estuvieran en su añorado San Juan."
198,"('Rincón', 'nació')","Así nació el Rincón Criollo, la - casita - con más solera en el barrio con más miseria, el símbolo de la cultura boricua en una ciudad sin raíces que nunca entendió la nostalgia natural del portorriqueño."
202,"('trata', '')",Se trata ahora de luchar contra el recorte del dinero del PER y la reducción del salario de los trabajadores contratados.
204,"('Intentan', '')","Intentan rebajar un 30 por ciento los fondos que mandan para el PER y además, el Gobierno ha reducido a 60.000 pesetas el dinero por trabajador que manda a los Ayuntamientos."
205,"('desbroza', '')","Hasta el salario de convenio, dice que lo ponga el municipio y eso no puede ser -, desbroza pausa a pausa."
209,"('minusválido', 'matizaba')","Pero el PER, que se enteren, pónlo, es inversión pública que nosotros convertimos en vivienda, en cooperativas -, matizaba un minusválido puestísimo en el tema."
211,"('martilleaba', '')","Lo que no es necesario es el tráfico de las peonás y la indignidad del subsidio -, martilleaba."
214,"('sabe', '')",Hasta que no se acaba no se sabe dónde puede llegar.
217,"('conseguido', '')",- ¿Qué han conseguido?
221,"('saldaron', '')","La partida la saldaron pagando un décimo de lotería y las copas de la peña, pero el ex gobernador notó que el origen del cabreo de Corcuera era otro: - Le noté preocupado con la situación que se vive y cabreado."
223,"('dijo', '')","'- Cómo no nos habremos dado cuenta?', me dijo -."
226,"('puesto', 'queda')",A Corcuera sólo le queda su puesto como miembro del comité federal del PSOE.
228,"('habido', '')","En esa retirada ha habido algunas decepciones personales, pero también cartas inesperadas, como la que le envió Ramón Jáuregui, secretario general del PSE-PSOE, quien ya le ha hecho nuevas ofertas y que, - por supuesto -, en las próximas elecciones generales le ve como candidato por Vizcaya."
229,"('escrito', '')",- Le he escrito - dice Jauregui porque es una forma que utilizo cuando me quiero poner íntimo.
230,"('decía', '')",Le decía que deseo que se reincorpore pronto a la vida política.
231,"('pedía', '')",Y al final le pedía que colabore conmigo en la campaña electoral vasca -.
233,"('Dejaba', '')",Dejaba cinco años de gestión espléndida y se llevaba la sensación de que había superado pruebas para las que pensó que no estaba preparado por sus orígenes.
234,"('todo', 'caído')",Pero en pocos días se ha caído todo.
239,"('Sigue', '')","Sigue con su capa de esclavina desorientado porque ya no existen las brisas de la hidalguía, que la justificaban."
242,"('Supongo', '')",Supongo que desde él nos desprecian o nos compadecen.
243,"('afirma', '')",El que nos niega nos afirma condicionalmente.
253,"('infortunado', 'imaginaba')","Poco imaginaba el infortunado que en el descansillo le esperaba la asesina, Isabel López, de 46 años, más conocida con el alias de - La Bella -, cantante de boleros en un club nocturno cercano al barrio chino, actualmente detenida por la eficaz acción de los inspectores de Policía del Grupo de Homicidios."
254,"('sabemos', '')","Poco sabemos de los primeros momentos: parece que la mujer y la víctima se conocían, porque la asesina entró en la casa sin encontrar resistencia."
256,"('Permanecía', '')","Permanecía de pie en mitad de la cocina, como una pasmada, sin resuello."
259,"('solía', '')",De pequeña solía jugar a esto con su hermano.
261,"('encerraban', '')","Se encerraban en el establo y abrían el portón sólo una chispa, lo justo para que pasara algo de sol."
264,"('Antonio', 'gritaba')","- - Pero mira que eres burra, Toña, no es que seas más pequeña que yo, es que eres burra - - gritaba Antonio."
269,"('apartó', '')","Los apartó bruscamente del mueble y los extendió ante sí, concentrando todas sus fuerzas en la absurda tarea de estirar su brazo izquierdo, hasta que sus músculos comenzaron a temblar sin haber llegado a rectificar en nada el incomprensible vicio que cunaba el codo hacia dentro."
270,"('Caminó', '')","Caminó unos pasos con los brazos extendidos y cerró los ojos, como un ciego sagaz en su vigilia de falso sonámbulo."
271,"('tuvo', '')","Cuando levantó los párpados nuevamente, tuvo la certeza de que sus brazos ya no eran paralelos."
273,"('Permaneció', '')","Permaneció así mucho tiempo, dejándose aniquilar plácidamente por el inesperado preludio de su propia decrepitud, negándose ya a encontrar cualquier explicación amable a lo que no era otra cosa que reúma, o artrosis, el simple cansancio de unos huesos que enfilaban la recta de la vejez, el único destino cierto."
274,"('Acababa', '')",Acababa de cumplir cuarenta y un años.
275,"('tostadas', 'quemaron')","Se le quemaron las tostadas y pensó en Auri, que estaría todavía en la cama, feliz ante la perspectiva de echar raíces entre las sábanas mientras le imaginaba en Salamanca, batallando con alguna oscura contrata."
277,"('padre', 'susurrado')","Desde luego, vale mucho más que tú, le había susurrado al oído su padre cuando la conoció, dándole un par de palmadas en la espalda."
278,"('desarrollado', '')","Y había desarrollado una intuición de naturaleza casi sobrenatural con respecto al punto exacto del pan tostado, siempre perfecto."
279,"('echaba', '')",No la echaba de menos.
282,"('descolgó', '')","La descolgó inmediatamente de la pared y la guardó en el fondo de un cajón, de donde extrajo a su vez un viejo rollo de papel, dos pendientes de bisutería barata y cuatro chinchetas."
285,"('mensaje', 'leer')","Debajo se podía leer un turbio mensaje, faltan 923 días para terminar esta obra."
286,"('sentido', '')","En aquel momento se había sentido culpable de la previsible destrucción del prodigio, pero ahora, cuando la amargura de aquel descubrimiento se había diluido poco a poco en el transcurso del tiempo, casi tres años de vida igual, se había acostumbrado ya a que las cosas siguieran ese orden del que se suele decir que es el curso lógico de los acontecimientos."
289,"('delantero', 'declaró')","""Está claro que prefiero al Barcelona en la final, porque a dos partidos es más complicado ganarles"", declaró el delantero paraguayo Miguel Angel Benítez, quien espera que en las semifinales el Espanyol quede emparejado con ""el Atlético de Madrid o el Mérida, si pasa esta noche (para lo que tiene que eliminar al Real Madrid)""."
290,"('indicó', '')","El jugador paraguayo cree que el hecho de que las semifinales no se disputen hasta el mes de abril va a venir muy bien a su equipo, ""porque ahora estamos jugando muchos partidos seguidos y así llegaremos más descansados que nuestros posibles rivales, que por esas fechas estarán jugando competiciones europeas"", indicó."
292,"('capitán', 'aseguró')","""Si pasa el Mérida, el Mérida, y si no el Atlético de Madrid o el Real Madrid, porque si nos toca el Barcelona, pasar va a ser muy difícil"", aseguró el capitán del Espanyol."
294,"('Arteaga', 'advirtió')","""Ellos tienen unas plantillas más amplias y con más calidad que la nuestra"", advirtió Arteaga, mientras que su compañero Mauricio Pochettino, quien también prefiere al Barcelona en la final, coincidió con el centrocampista gaditano en que estos equipos ""tienen plantillas extensísimas para afrontar todas las competiciones""."
297,"('defensa', 'exclamó')","¿Un derbi y además en la final de la Copa del Rey? ¡Sería de puta madre! "", exclamó el defensa canterano."
299,"('gustaría', '')",A Tamudo le gustaría enfrentarse al Mérida si elimina al Real Madrid esta noche y prefiere al Barcelona o al Real Madrid en la final.
300,"('advirtió', '')","""Si nos tocan en"" semis ""tampoco pasa nada, porque a estas alturas cualquiera de ellos son buenos equipos y habrá que salir a por todas"", advirtió."
302,"('aseguró', '')","""Ya sólo quedan cuatro y el pasar se hace mucho más competitivo, así que da igual el que toque"", aseguró."
306,"('tuvo', '')",El árbitro chileno Mario Sánchez tuvo que dar por finalizado el partido anticipadamente al producirse serios incidentes en el estadio.
310,"('invasión', 'producía')","Segundos después, se producía la invasión al campo en protesta por lo que consideraban que era un ""robo"" del partido."
319,"('Clavasquin', 'consiguió')",El gol que acortaba distancias lo consiguió Clavasquin en el minuto 32 de fuerte disparo que dejó al meta peruano sin posibilidades de atajarlo.
328,"('Schumacher', 'dijo')","""Nos interesa mucho que nos visiten los alemanes, porque les gusta quedarse tres o cuatro semanas, mientras que los estadounidenses solamente están tres o cuatro días"", dijo Schumacher, que calculó que en 1999 hubo trescientos veinticinco mil visitantes alemanes en México."
330,"('Valenti', 'dijo')","""No esperábamos un movimiento tan flojo, pero eso hizo que nuestra gente se mueva y vaya a buscar clientes en otros pabellones"", dijo Valenti, que coordina el trabajo de Costa Rica, El Salvador, Guatemala, Honduras, Nicaragua y Panamá, países con los que la Sociedad de Cooperación Técnica Alemana (GTZ) realizará un plan de promoción turística."
332,"('ninguno', 'afectó')","A la República Dominicana, en cambio, no le afectó ninguno de esos factores porque, según su responsable de Turismo, Petra Cruz, Asia no puede competir con sus playas y la cordialidad de la gente, en tanto que los precios son más baratos."
333,"('hubo', '')","Para Brasil, que ocupó 810 metros cuadrados de espacio y cada día llenó de música y alegría sus ambientes, este año hubo ""mayor calidad que cantidad"" que antes y su país ofreció destinos más acordes a la necesidad de paz y tranquilidad de los europeos, según Flavia Araujo, de la Oficina de Turismo del Brasil (Embratur)."
345,"('cedió', '')","También cedió al envite lanzado ayer por los actores de la enseñanza pública con protestas masivas en toda Francia, al anunciar el desbloqueo ""urgente"" de 152,45 millones de euros y un plan plurianual para la gestión de los medios de la Educación nacional."
348,"('canal', 'indicó')","Con la promesa de que el Estado gastará más y quitará menos, el jefe del Gobierno se apunta el mérito muy ""político"" de deshacer parcialmente lo que en su día hicieran los ex primer ministros neogaullistas Alain Juppé (quien en 1995 subió el IVA en un punto, que ahora baja Jospin) y Chirac, indicó el canal televisivo ""LCI""."
352,"('Alain', 'indicó')","Jospin devuelve el 10 por ciento del dinero que ha quitado a los franceses "", indicó Alain Madelin, líder de Democracia Liberal."
355,"('diario', 'afirma')","La acumulación de impaciencia ha hecho un favor al primer ministro al forzarle a entrar en un terreno que no es tradicionalmente el suyo: la rebaja de la presión fiscal "", afirma el diario izquierdista"" Liberation""."
358,"('señaló', '')","En este sentido, señaló que ""pese al empeño de la mujer por conseguir la igualdad de oportunidades en el empleo"", la tasa de desempleo femenina en España (un 22 por ciento) duplica a la masculina."
366,"('dijo', '')","""La contra reloj del último día también será bonita"", dijo."
369,"('mayor', 'finalizó')","""Voy bien, y tengo ganas de que llegue la Vuelta al País Vasco"", finalizó el mayor de los hermanos Osa."
377,"('promotor', 'informó')","La empresa Iber-X, que ha implantado en España una ""bolsa"" de telecomunicaciones a través de Internet, ha logrado tras cinco meses de funcionamiento un volumen de contratación mensual en torno a 78 millones de pesetas, informó hoy a Efe el promotor de este mercado, Jenaro García."
385,"('obtiene', '')","De esta forma y gracias a que las transacciones se realizan en un entorno ciego en el que sólo se hacen públicos los volúmenes ofertados y demandados y el precio límite, pero no las compañías ofertantes o demandantes, se obtiene un precio más bajo que en el mercado tradicional."
387,"('compañías', 'operan')","En la actualidad operan en esta bolsa de las telecomunicaciones 35 compañías del mercado español y seis brasileñas, aunque hay negociaciones establecidas con otras 15 españolas y 25 de Miami, que se cerrarán probablemente antes de mayo."
395,"('van', '')","""Pero, con qué mayoría van a gobernar - agregó el presidente del PNV en alusión a PP y PSE-EE -, si ni siquiera le pueden echar a Ibarretxe, con las ganas que tienen de que se vaya"" ."
397,"('Exhortó', '')","Exhortó a la militancia del PNV a que no se deje ""asustar"" por la ""carga mediática y política"" dirigida contra este partido, porque, según dijo, ""si les hacemos caso y nos vamos de Estella, luego vendrán por otra cosa"", ante lo cual, subrayó, ""cuanto más chillan, nosotros más quietos, y cuando dejen de hablar, veremos qué hacemos""."
399,"('Aseguró', '')","Aseguró que, desde el año 1989, el PNV ha sufrido 235 ataques contra sus batzokis, sin contar con otras formas de violencia contra este partido, por lo que, enfatizó, ""no andamos de amiguetes con EH"", sino que ""estamos pensando en Euskadi y en que esto (la violencia) hay que solucionarlo""."
400,"('Dijo', '')","Dijo que ETA ""se podía haber ahorrado"" el mensaje que envió ayer a las organizaciones juveniles Jarrai y Gasteriak, fusionadas en Haika."
401,"('destacó', '')","""Lo peor que podemos hacer a un menor de edad es darle un fusil o ponerle un cóctel en la mano"", destacó."
404,"('Manifestó', '')","Manifestó que ""la gran aportación del PNV en los últimos veinte años"" es la de haber ""generado un país moderno"", y que este partido se siente ""orgulloso"" de lo conseguido, por lo que ""no acepta lecciones"" ni de quienes ""han tardado 30 años en incorporarse"" a la construcción del País Vasco, ni de la ""nueva derecha, defensora del pensamiento único""."
406,"('muchos', 'respetan')",""" Pero las ideas del lehendakari no las respetan muchos en este país, y las ideas no se pueden condenar""."
418,"('Morel', 'dijo')","""La respuesta de Migración ha sido contundente: justo al día de hoy triplicaron el operativo de quitar la cédula a los ciudadanos de tez oscura"", dijo hoy Morel Cerda."
423,"('éxodo', 'producido')","Desde horas tempranas se ha producido un éxodo de ciudadanos hacia las distintas provincias, en las que les corresponde votar, según pudo observar EFE."
430,"('denuncias', 'abundan')","En la historia de las elecciones dominicanas abundan las denuncias de fraudes, intromisión de los militares en los comicios, compras de documentos de votación, uso de los fondos públicos en favor de los candidatos oficialistas y acciones violentas que arrojaron tristes saldos de muertos y heridos."
481,"('Quince', 'recordarán')","También recordarán los Quince que será necesario hacer una ""investigación efectiva e independiente de las violaciones de los derechos humanos"" cometidas en Chechenia y que Moscú coopere con el Consejo de Europa y la Organización para la Seguridad y la Cooperación en Europa (OSCE) para canalizar la ayuda humanitaria a esa república."
484,"('afirman', '')","También afirman que están dispuestos a ayudar a Rusia en sus esfuerzos por fortalecer las instituciones democráticas, el Estado de derecho y la economía de mercado, aunque recuerdan a Moscú la importancia de garantizar ""la independencia de los medios de comunicación""."
491,"('portavoz', 'aseguró')","""Mi impresión es que va a haber un desencuentro profundo (entre Aznar e Ibarretxe)"", aseguró el portavoz socialista, quien puso de manifiesto que la política vasca ""está colapsada y polarizada por dos posiciones políticas enfrentadas, que justamente corresponden a ambos Gobiernos, al vasco y al central""."
492,"('citó', '')","Entre los avances que el PSOE desearía que se produjeran entre los Ejecutivos central y vasco citó un acuerdo en cooperación policial y entendimientos sobre la articulación de la Ertzaintza y las Fuerzas de Seguridad del Estado, ya que - subrayó - la reciente reunión entre Mayor Oreja y el consejero vasco de Interior, Javier Balza, ""fue simple foto"" y no se produjeron acuerdos posteriores."
495,"('consejera', 'aseguró')","Así lo aseguró la consejera en conferencia de prensa al término de la reunión que durante más de dos horas mantuvo con el ministro, al que expuso las prioridades de la Junta de Andalucía en cuanto a infraestructuras de carreteras y ferroviarias, sobre las que también hubo coincidencia."
497,"('Explicó', '')","Explicó que el proyecto de construcción del tren de alta velocidad entre Córdoba y Málaga cuenta ya con un estudio de impacto ambiental elaborado por la Junta, pero que el Ministerio de Fomento había solicitado una nueva declaración a Medio Ambiente."
506,"('fuentes', 'señalaron')","El mismo día por la tarde, en una reunión conjunta con los ministros de Asuntos Exteriores, se aprobarán los compromisos comunicados por la mañana y se hará pública una declaración, señalaron hoy fuentes comunitarias."
509,"('tendría', '')","Para participar en los planes de defensa común europea el gobierno danés tendría que celebrar un referéndum para consultar a la población, similar al que hizo el pasado septiembre sobre la incorporación del euro."
512,"('comprometerán', '')","Además, se comprometerán a realizar los esfuerzos necesarios para dotarse en los próximos años de medios de transporte estratégico, armas guiadas, de medios de abastecimiento de combustible en vuelo, de supresión de defensas aéreas, medios de defensa contra misiles tierra-tierra, y medios humanos, aéreos y satélites de espionaje."
519,"('Tenemos', '')","""Tenemos dificultades - prosiguió Pascual - para conseguir estos permisos de operación en diferentes aeropuertos"" y añadió que, aunque el ministro de Fomento, Francisco Alvarez Cascos, ha señalado que la suma de las dos compañías no supone la adición aritmética de los permisos que poseen ambas, ""estaremos atentos, dado que podría atentar a la libre competencia""."
525,"('frecuencias', 'van')","Así mismo, se van a aumentar las frecuencias con Washington, Buenos Aires, La Habana, París, y Lisboa, y en el caso de la capital francesa, ""vamos a lanzar durante los seis primeros meses de 2001 una campaña agresiva de precios de tal forma que se pueda hacer una ida y vuelta por tan solo 9.800 pesetas""."
527,"('Pascual', 'apreció')","Sobre la noticia existente en el mercado de la posible venta de Marsans a una compañía multinacional del sector de primera magnitud ""no existe por el momento, aunque como yo siempre digo, si se ofrece un buen precio, habrá que pensarlo"", apreció Pascual."
529,"('dos', 'bautizado')","Hasta ahora ya se han bautizado dos con los nombres de Camilo José Cela y Placido Domingo, y próximamente será bautizado un tercero como Eduardo Chillida."
541,"('conseguido', '')",Desde entonces sólo ha conseguido tres empates en el feudo del Deportivo y ha cosechado cinco derrotas.
542,"('perdió', '')","Además de la de hoy, dos veces perdió por 4-0, una por 3-0 y otra por 3-2."
557,"('ALEJA', '')",LA REAL SOCIEDAD NO SE ALEJA DEL PRECIPICIO
567,"('SEQUÍA', 'CONTINUA')",CONTINUA LA SEQUÍA DE GOLES DEL MÁLAGA EN LA ROSALEDA
571,"('Adli', 'afirma')","""El estado de emergencia se amplió como medida para asegurar lo conseguido en los últimos años, incluido el mantenimiento de la estabilidad y la limitación de los efectos de la violencia y el crimen organizado"", afirma Al Adli, en una entrevista publicada hoy, viernes, por el diario egipcio de propiedad estatal ""Al Ahram""."
573,"('dijo', '')","""Nadie puede proclamar que el terrorismo se ha acabado en Egipto"", dijo en referencia a los grupos integristas islámicos que, desde hace ocho años, mantienen la lucha armada como método para derrocar al régimen actual e imponer otro de estricta obediencia coránica."
578,"('anunció', '')","El ministerio para la Igualdad de Oportunidades va a llevar a cabo una campaña para facilitar que las prostitutas dejen esa actividad, se anunció hoy, viernes."
580,"('intentará', '')","A través de redes de asistencia se intentará dar oportunidades a estas mujeres para que puedan desarrollar otras tareas y que dejen de ser explotadas sexualmente, fenómeno que es creciente en el caso de muchas extranjeras que llegan a Italia procedentes de países del este de Europa."
581,"('hay', '')","Solamente en Roma hay 3.500 extranjeras que se dedican a la prostitución, seguida de Milán con 2.500 mujeres, según datos del Observatorio del Servicio de Medicina Preventiva del Hospital San Gallicano, de la capital italiana."
583,"('número', 'pondrá')","Para facilitar la campaña del Ministerio se pondrá en marcha un número de información, al que podrán llamar las propias prostitutas o quienes deseen ayudarlas y que estará activo las 24 horas del día, según se puso de manifiesto hoy durante un seminario sobre ""prostitución y criminalidad"" que se celebra en Roma."
584,"('presidenta', 'participó')","En el seminario participó la presidenta de la Comisión sobre la Prostitución del Ministerio, Vittoria Tola, quien explicó que las personas que atenderán el teléfono tendrán una preparación específica para atender a esas mujeres y además hablarán varios idiomas, con objeto de poder dialogar con las extranjeras."
587,"('Flores', 'dijo')","""Todos los resultados nos han beneficiado, pero estoy especialmente contento porque la imagen del equipo ha sido muy buena"", dijo Flores, quien no comparte la opinión con Víctor Fernández sobre que la expulsión de Coira resultara determinante en la suerte del partido."
590,"('Fernández', 'dijo')","""Tras esa primera expulsión, hubo otro partido, porque nos rompió por completo"", dijo Fernández, quien no se quejó por la actitud de sus jugadores, en general, aunque sí puntualmente por las expulsiones - también fue expulsado Juanfran, a cinco minutos del final - en sendas acciones ""totalmente evitables"", en opinión del técnico del Celta."
600,"('aseguró', '')","En este sentido, aseguró que desde hoy propondrá ""a las direcciones de los partidos políticos de la izquierda plural debatir sobre el futuro de los parisienses con los militantes Verdes, comunistas, Movimiento de los Ciudadanos y Radicales de Izquierda""."
603,"('políticos', 'cuentan')","Mientras los socialistas aunaron anoche sus esfuerzos en un sólo candidato, en la acera de los neogaullistas del Reagrupamiento por la República (RPR) se cuentan ya tres políticos en liza."
606,"('Séguin', 'indicó')","""Creo que en la vida política uno se degrada atacando a los otros porque eso significa que uno no tiene otra cosa que decir"", indicó Séguin."
608,"('descarta', '')","Por último, tampoco se descarta que el ex primer ministro conservador Edouard Balladur salte a la arena de París de un momento a otro."
610,"('sentenció', '')","El futuro de París pasa por una ""elección de proyecto antes de por una elección de persona"", sentenció."
614,"('informe', 'explica')","""La tecnología existente hoy permite un acceso mucho más directo y eficiente a los mercados que las conexiones electrónicas entre mercados (ITS)"", explica el informe preparado por una comisión especial del NYSE y cuyas recomendaciones fueron aprobadas hoy por el Consejo de Administración de la Bolsa."
620,"('informe', 'explica')","""Esta estructura de plataforma múltiple no sacrifica la vigorosa competencia entre los mercados y no tiene ninguna de las desventajas de un CLOB"", explica el informe del NYSE."
623,"('trata', '')","Se trata de las empresas Corporación IB-Mei, Indra, Zeltia, Abengoa, Amadeus, Amper, Befesa, Radiotrónica, TPI y Terra."
624,"('ausencia', 'destaca')","En esta lista, aprobada el pasado viernes por la Comisión Nacional del Mercado de Valores (CNMV, órgano regulador), destaca la ausencia de Sogecable, compañía candidata que no estará presente al no haber completado los requisitos que debe reunir para su incorporación."
627,"('límites', 'amplían')","Asimismo, se amplían los límites de fluctuación de estos valores, desde el 15 por ciento habitual para las compañías del mercado continuo hasta un 25 por ciento, y se elimina el tope del 50 por ciento de variación en el primer precio en bolsa de una compañía, respecto a su precio de colocación entre los inversores."
633,"('calcula', '')","En el 2002 se calcula que habrá en torno a 3,5 millones de automóviles que no podrán usar la actual gasolina sin plomo de 95 octanos, cuyos usuarios tendrán garantizado el suministro de una gasolina, también sin plomo, pero con los aditivos necesarios para que se produzca, principalmente en los asientos de las válvulas, el efecto lubricante del plomo."
653,"('Insistió', '')","Insistió en que quien haya filtrado esta noticia ha actuado ""imprudentemente"" y dijo que alrededor de la vida de los políticos en el País Vasco hay personas ""que sufren con este tipo de informaciones""."
655,"('Benegas', 'dijo')","""He tenido que enterrar ya a mucha gente, a amigos y compañeros, como para hacer gala de haber tenido un incidente"", dijo Benegas, quien explicó que se limitó a poner el hecho en conocimiento del subdelegado del Gobierno en Guipúzcoa y que su escolta dio parte de lo ocurrido a sus superiores."
657,"('Estimó', '')","Estimó que es ""evidente"" que durante los últimos meses el PSOE siendo uno de los objetivos de la violencia en el País Vasco, recordó los asesinatos de Fernando Buesa y de José Luis López de Lacalle, y observó que además de estos actos los concejales sufren la ""violencia urbana"" contra sus casas o los locales que regentan, así como amenazas."
658,"('Benegas', 'dijo')","""Esta etapa nos está tocando a nosotros"", dijo Benegas, quien manifestó que el PP sufrió una etapa ""terrible"" y que muchos ciudadanos ajenos a la política han sido también víctimas de la violencia terrorista."
661,"('Dijo', '')","Dijo que esa unidad no debe limitarse a convocar concentraciones después de cada desgracia y apostó por definir una estrategia para combatir la violencia, similar a la que se diseñó en el Pacto de Ajuria Enea para combatir el terrorismo."
663,"('estimó', '')","Sobre la posibilidad de adelantar las elecciones en el País Vasco, estimó que no es el momento de opinar al respecto, y se limitó a decir que el Gobierno autonómico es ""muy débil e inestable"" después de que el Ejecutivo se diera cuenta de que era ""insostenible"" mantener el acuerdo de Gobierno con EH, pero insistió en que corresponde al lehendakari tomar las decisiones que considere oportunas."
670,"('tendrían', '')","En caso de que ninguno de los candidatos obtenga esa puntuación, los dos más votados tendrían que presentarse a una segunda ronda de votaciones 45 días más tarde."
672,"('Jacinto', 'intervendrá')","En el acto intervendrá también Jacinto Peynado, el candidato reformista a vicepresidente, quien, según algunos analistas políticos dominicanos, podría convertirse en el presidente de la República ""de hecho"" en caso de que el PRSC ganara en la segunda vuelta, debido a la incapacidad física manifiesta de Balaguer."
680,"('Wadhwani', 'añadió')","""Mayores tipos de interés podrían provocar más adelante rebrotes inflacionistas de mayores consecuencias que las que causarían actualmente"", añadió Wadhwani."
698,"('fuente', 'informó')","Al menos 23 empresas exportadoras de café de Honduras han quebrado en los últimos tres años, muchas de ellas por el impacto del bajo precio del grano en el mercado internacional, informó hoy, Martes, una fuente empresarial."
701,"('Echeverría', 'explicó')","Las empresas sufrieron graves problemas financieros por la caída del precio internacional del café, pues quedaron con mucho grano almacenado, que tuvieron que vender a un valor muy inferior al de compra, explicó Echeverría."
702,"('Añadió', '')","Añadió que los exportadores pidieron un aval del Estado por 22 millones de dólares para afrontar la crisis, pero el Instituto Hondureño del Café (IHCAFE), que maneja la política del sector, rechazó tal pretensión."
709,"('Yeo', 'indicó')","Los habitantes de Nussa Tengara ""están descontentos porque muchos de los paramilitares han atacado a los residentes locales y se quejan de que toda la ayuda gubernamental e internacional se canaliza exclusivamente para los refugiados"", indicó Yeo."
712,"('vigilancia', 'destacan')","Entre estas demandas destacan ""la vigilancia policial durante las 24 horas del día de los campamentos de refugiados y la separación de los malos elementos que viven en las instalaciones"", según la ACNUR."
718,"('considerado', '')","El presidente Wahid, de 60 años, con salud delicada y casi ciego, está considerado un maestro de la intriga política y un hábil líder musulmán que maniobra con la misma soltura con la que es capaz de recitar cualquier pasaje del Corán."
722,"('Hay', '')","Hay quienes comparan a Wahid con un gran artista del teatro tradicional de Java, donde los títeres se mueven en la sombra y sus desplazamientos son meticulosamente coreografiados de antemano."
723,"('biógrafo', 'dice')","""Es como un espadachín que desarma a sus enemigos con su afilada inteligencia"", dice su biógrafo Greg Barton."
724,"('da', '')","En ocasiones da la sensación de que Wahid controla sólo toda Indonesia, pero aparecen periodos de desconcierto en los que se siente como si el enorme archipiélago retornara hacia el caos de los meses anteriores a la caída del ex presidente Suharto, en mayo de 1998, y que amainó tras la celebración de las elecciones legislativas de Junio del año pasado."
726,"('criticas', 'abundan')","En la Coalición de Gobierno abundan las criticas al presidente por tomar decisiones ignorando la voluntad política del resto de los partidos que la integran, y algunos ministros han manifestado abiertamente sentirse desmoralizados a causa de sus comentarios contradictorios."
729,"('tendrá', '')","Precisamente, ante este órgano tendrá que rendir mañana, Lunes, cuentas sobre sus diez meses de turbulento mandato en un ambiente de tensión dada la presión a la que le someterán sus detractores."
740,"('refirió', '')","También se refirió a la tregua de ETA que se hizo, recordó, ""a cambio de acercar presos al País Vasco e, incluso, 140 salieron a la calle"" y, sin embargo, ""la tregua se rompió unilateralmente por ETA y los presos no se devolvieron a su sitio""."
741,"('decir', '')","""Me pueden decir - argumentó - que eso es inhumano, pero más inhumano es una viuda y unos huérfanos que van al cementerio porque a su marido y a su padre los han matado los terroristas""."
744,"('subrayó', '')","""Somos extremeños, somos españoles y somos europeos y para mí es bastante y no necesito más"", subrayó."
749,"('agregó', '')","""Ellos están haciéndolo bien en la competición europea y en la Liga, pero nosotros debemos tener confianza porque estamos mejorando"", agregó."
750,"('Instituto', 'dijo')","La inflación en Brasil fue de 0,23 por ciento en septiembre, ligeramente por debajo del 0,31 por ciento de septiembre de 1999, dijo hoy, miércoles, el estatal Instituto Brasileiro de Geografía y Estadísticas (IBGE)."
754,"('IBGE', 'informó')","En los 12 meses terminados en septiembre los precios subieron un 7,77 por ciento, informó el IBGE."
761,"('partido', 'obtuvo')","Ninguna administración regional obtuvo el partido gubernamental en los comicios del domingo, convocados para elegir gobernadores en 30 de los 32 departamentos del país, alcaldes en 965 de los 1.092 municipios, 502 diputados regionales y 12.118 concejales municipales."
766,"('Dirección', 'afirmó')","""Los resultados (...) se pueden interpretar como un voto sanción` para el Gobierno por carecer de una política de Estado para la solución de los problemas, para llevar adelante de manera exitosa el proceso de paz y la recuperación de la economía"", afirmó la Dirección Nacional Liberal (DNL) en un comunicado que hizo público el domingo por la noche en Bogotá."
772,"('ministro', 'afirmó')","""Hemos dado una lección al mundo"", afirmó a los periodistas el ministro del Interior, el liberal independiente Humberto de la Calle, una vez que la Organización Electoral puso fin a la jornada de votación, que duró ocho horas."
773,"('salimos', '')","En opinión del ex vicepresidente De la Calle, ""salimos adelante y la democracia impera en el país""."
777,"('plan', 'recoge')","También recoge el plan ordenar los usos productivos del suelo ante ""el crecimiento espontáneo de ocupación de masa forestal"" en el cultivo de la fresa en la zona de Huelva."
778,"('consejera', 'aclaró')","En cuanto a las infraestructuras, se apuesta por la red de carreteras básicas articuladas en torno a la A-49, que no se desdoblará o se convertirá en autovía por el Norte del parque de Doñana, aclaró la consejera."
779,"('estaciones', 'prohíben')","Sobre el uso y concesiones del agua, se prohíben nuevas estaciones hídricas y se establecen limitaciones en algunas zonas, según las recomendaciones del Plan de Ordenación del ámbito de Doñana."
803,"('liebres', 'acabaron')","Se acabaron las liebres, se acabaron las posibilidades de tiempos dignos de respeto."
807,"('Moges', 'Fracasaron')","Fracasaron Moges Taye, 11 minutos más lento que su mejor crono, y Peter Chebet, el vencedor de este maratón en 1999, al que los jueces cogieron un tiempo de 2.28:04."
812,"('Arenas', 'explicó')","""Llevábamos mucho tiempo hablando con las administraciones para que esto fuera una realidad y porque siempre nos hemos sentido extraordinariamente cerca de los mineros de Río Tinto"", explicó Arenas, quien recordó que en el pasado ha tenido ""el honor y la satisfacción"" de acompañar a los trabajadores de la mina."
813,"('Señaló', '')","Señaló que tiene la esperanza de que este crédito sirva para solucionar el problema, aunque precisó que existen ""circunstancias externas"" que condicionan la actividad minera en Huelva y dijo que el resto de las administraciones se deben implicar de la misma forma que lo ha hecho el Gobierno central."
821,"('moción', 'Fracasa')",18 de octubre. - Fracasa una moción de censura de la oposición derechista por la decisión del Gobierno de evacuar doce de los 42 asentamientos judíos ilegales construidos por colonos en el último año.
833,"('ministro', 'Dimite')","2 de agosto. - Dimite el ministro israelí de Asuntos Exteriores, David Levy."
845,"('solicitud', 'incluye')","Asimismo, también se incluye la solicitud de modificación del apartado 2 del artículo 24 de la citada Ley de 1972, para que sean compensados ""el interés general y el interés de la empresa explotadora"", con un equilibrio que no perjudique a ninguna de las dos partes."
850,"('hay', '')","Asimismo, hay que recordar, indicó Jiménez Suárez, que las propias empresas concesionarias se encargan del mantenimiento, y que vienen dedicando en tal labor unos 30.000 millones de pesetas anuales."
852,"('quedó', '')","Respecto al déficit fiscal que sufre Catalunya, que los expertos calculan entre 800.000 y 1,3 billones de pesetas, ayer quedó patente que Jordi Pujol y Pasqual Maragall discrepan de la cifra, pero están de acuerdo en que este desequilibrio debe reducirse hasta situarse en unos niveles similares al que registran las regiones europeas con un parecido nivel de renta."
869,"('Hay', '')",Hay lavados de cerebro con humildes sopas de sobre y otros servidos con ricos caldos de pollastre amb galets.
870,"('llamará', '')","Después, en los barrios marginales se les llamará muchachos conflictivos; en los de clase media, chicos difíciles y en las partes altas de las ciudades serán neonazis que destrozan la cabeza a un inmigrante o un mendigo utilizando un esnob bate de béisbol."
871,"('salir', '')","""¿Cómo ha podido salir así en una familia tan pacífica?""."
873,"('equivocado', '')",Se ha equivocado al proponer castigar a los padres con la pérdida de las ayudas familiares según los destrozos ciudadanos de sus hijos.
874,"('Es', '')",Es golpear sólo a un grupo y el más débil.
875,"('tiene', '')","Pero la democracia tiene que buscar una causa a la violencia gratuita juvenil, anárquica o xenófoba."
880,"('gentleman', 'está')",¿Dónde está el imperturbable gentleman del bombín y el irónico humor del gélido habitante de Albión?.
881,"('coincidencia', 'producido')","En Barcelona se ha producido además una magnífica coincidencia para matar dos pájaros de un tiro: los escandalosos y bamboleantes bebedores de cerveza eran los seguidores ingleses, mientras los alemanes no se comportaban tampoco conforme al tópico que les corresponde."
882,"('comentarios', 'Pararán')",¿Pararán por ello los bobalicones comentarios de los tópicos nacionales?.
885,"('paciencia', 'cabe')","Contra los tópicos nacionales sólo cabe la paciencia, y el ridículo de los que los utilizan como facilonga explicación."
886,"('ministro', 'explicó')","El Gobierno español apoyará a Javier Solana como responsable de la política exterior y de seguridad común de la Unión Europea (UE) si logra el consenso de todos los demás socios comunitarios, pero hasta entonces mantendrá como candidato español a Carlos Westendorp, Alto Representante Civil en Bosnia, explicó ayer el ministro de Asuntos Exteriores, Abel Matutes."
891,"('Matutes', 'explicó')","""Quitar formalmente apoyo al señor Westendorp y apoyar a otra candidatura tenía su riesgo"", explicó Matutes."
892,"('añadió', '')","""Por ello, no la retiramos, pero tampoco insistimos en ella"", añadió."
893,"('Matutes', 'aseguró')","""Si Solana recoge suficientes apoyos en el Consejo, contará con nuestro apoyo"", aseguró Matutes."
896,"('falta', '')","A pesar de que el Madrid ha llegado a un compromiso con Michel Salgado, por el que el lateral jugará las próximas cinco temporadas en el club blanco, aún falta que el Celta y el Madrid alcancen un acuerdo."
899,"('Sanz', 'dijo')","""Hablaremos con el Celta dentro de 15 días"", dijo Sanz, que también se reunió con los representantes del jugador."
902,"('mienten', '')","Si les dices que se debe a un lapsus, cosa normal entre humanos, te mienten diciendo que ellos nunca la olvidan cuando van en moto."
903,"('tengo', '')",Miedo tengo ya de dejarme un intermitente encendido.
906,"('descarta', '')","Sin embargo, no se descarta que Puigbó siga vinculado de alguna forma a la tele pública catalana con un programa del área de informativos."
908,"('Puigbó', 'limitó')","""En primer lugar, todavía no sé si Paral.lel continuará en la parrilla"", se limitó a contestar Puigbó a EL PERIODICO sobre la posibilidad de que en otoño pasara a conducir este veterano espacio de entrevistas en profundidad."
915,"('acuerdo', 'materializó')","En Granada, ayer se materializó el acuerdo entre PSOE, IU y Partido Andalucista (PA) que permitirá un gobierno municipal de coalición, que estará presidido por el socialista José Moratalla."
922,"('ver', '')","Entre la audiencia se podía ver a políticos como Enrique Lacalle; el conseller de Presidència de la Generalitat, Xavier Trias; el ministro Josep Piqué y la delegada del Gobierno, Julia García-Valdecasas."
926,"('Hubo', '')","Hubo, sin embargo, un desliz protocolario, ya que Arandes y Viñas, y sus esposas, pasaron la velada en una mesa sin más compañía."
934,"('jóvenes', 'murieron')",Fruto del choque murieron dos jóvenes de 22 años y otras dos personas resultaron heridas.
936,"('noticia', 'difundió')",Hace unos años se difundió una noticia desde Buenos Aires que daba cuenta de un suceso curioso.
938,"('descubrieron', '')","Cuando pudieron rescatar al accidentado descubrieron con cierta sorpresa que el telefonino destripado que yacía junto a él en el fondo del hoyo estaba vacío, era de pega."
940,"('pone', '')","Como mucho, pone en evidencia que su poseedor es persona ocupada y, en ocasiones, mal educada."
944,"('hecho', '')","Y al final lo han hecho con una adhesión más limitada, más contenida."
952,"('genes', 'patentar')","Por ejemplo, se podrán patentar los genes o células que se utilizan en la producción de la insulina humana."
973,"('subrayó', '')","En este sentido, subrayó los largos plazos de pago que sufren los proveedores de algunas grandes superficies, pese a la existencia de la ley de comercio que prohíbe esas prácticas."
980,"('Schumacher', 'reconoció')","""Los problemas en la pierna izquierda (en la que sufrió una doble fractura de tibia y peroné) son demasiado graves y así es prácticamente imposible correr"", reconoció Schumacher."
985,"('saldó', '')",El accidente se saldó sin heridos.
993,"('enfrentará', '')",Mañana se enfrentará a Hungría en las semifinales de la Copa del Mundo.
997,"('tendrá', '')","Si España termina cuarta en la Copa del Mundo, aún tendrá una última oportunidad en el Preolímpico, que se disputará en la ciudad alemana de Hannóver en mayo del 2000."
1010,"('complicó', '')",Se nos complicó al principio cuando los australianos se pusieron 3-1.
1011,"('técnico', 'afirmó')","No nos dejaban llegar a portería y, a la vez, nos pitaron 14 faltas ofensivas, algo insólito que nunca viví en mi carrera como seleccionador "", afirmó a Efe el técnico Joan Jané."
1013,"('Jané', 'añadió')","Hoy era el día D, teníamos la posibilidad de ir a semifinales y luchar por estar en los Juegos "", añadió Jané."
1017,"('aventura', 'Termina')","Termina así la aventura de Bakero en el banquillo ya que en los 13 partidos que ha dirigido al Puebla, cinco del torneo anterior y ocho del actual, sólo ha ganado dos encuentros, ha empatado cuatro y ha encajado siete derrotas."
1022,"('tuvieron', '')","Los helicópteros de salvamento españoles y otros barcos tuvieron que rescatar ayer a otros tres navegantes solitarios que participan en la travesía del Atlántico reservada a barcos de menos de 6,5 metros."
1031,"('presidente', 'limitó')","""Escucho las reivindicaciones; me lo apunto"", se limitó a decir el presidente de la Generalitat, que inauguró en Tarragona el segundo Congreso de la Abogacía Catalana, al que también asistieron, entre otros, la consellera de Justícia, Núria de Gispert, y el presidente del Consejo de la Abogacía, Eugeni Gay."
1033,"('debatirán', '')","Durante tres días debatirán la pasantía, los honorarios, la asistencia jurídica gratuita, la normalización del catalán y otros temas del mundo del derecho."
1040,"('dijo', '')","""Es injusto"", dijo."
1042,"('Añadió', '')","Añadió que el Gobierno se comprometió a rebajar la retención al 18%, lo que, en su opinión, no basta."
1043,"('afirmó', '')","""Es un trato confiscatorio"", afirmó, y apuntó la necesidad de un pacto de Estado sobre Justicia."
1045,"('señaló', '')","""Me lo apunto"", señaló."
1048,"('Reconoció', '')","Reconoció que en el texto de esta última normativa hay ""algunos anzuelos"" en temas que benefician al Govern, aunque avisó: ""No nos pueden acusar de desleales"", en respuesta a unas declaraciones efectuadas por el portavoz del Gobierno, Josep Piqué."
1049,"('Insistió', '')",Insistió en que no se votó a favor de la propuesta del PP porque no existía consenso entre los profesionales del derecho.
1068,"('espuma', 'disipado')","Por eso, cuando aún no se había disipado la espuma de su descorche como rey, ya estaba manos a la obra y sellaba una alianza con los partidos democráticos y la élite progresista con un único fin: salvar Marruecos."
1069,"('Mohamed', 'explica')","""El rey y las fuerzas democráticas están dando a Marruecos la única y última oportunidad para salir adelante"", explica Mohamed Al Gahs, director del diario socialista Libération."
1074,"('Mohamed', 'afirma')","Tenemos ya los gérmenes que han destruido países, los han ensangrentado o los han hundido en la oscuridad de la dictadura "", afirma Mohamed Al Gahs, para justificar esta monarquía ilustrada que va a imponer a los marroquís el sistema Todo por el pueblo, pero sin el pueblo."
1075,"('Alí', 'opina')","""Estamos viviendo una primera fase de liberalización política, en la que la democracia es aún un proyecto a construir"", opina Alí Buabid, un joven político de izquierdas, para definir la situación, intereses de una sociedad que ya no cree en ellos."
1077,"('reconoce', '')","""La capacidad de absorción por las élites políticas marroquís de la cultura democrática es aún demasiado débil como para imaginar por ahora otra cosa que una monarquía fuerte"", reconoce."
1078,"('Tienen', '')","""Tienen interiorizado de tal manera los principios arcaicos de la autoridad - - dice Buabid - - que necesitan un poco de tiempo para descubrir las virtudes de la autonomía""."
1080,"('rey', 'juega')","Esta función la juega el rey que, aunque parezca un contrasentido, se ha convertido en el motor del cambio."
1081,"('diplomático', 'va')","""Por ahora, no va a haber elecciones verdaderamente libres ya que la sociedad civil carece de la fuerza necesaria para contener la marea de desesperados que, en caso de que se celebraran unos comicios, daría la victoria a los integristas"", afirma un diplomático."
1086,"('permitió', '')","Primero permitió volver sin condiciones a Abraham Serfaty, a quien su padre convirtió en el preso político más longevo de Africa después de Nelson Mandela por el pecado de defender el derecho a la autodeterminación de los saharauis."
1087,"('facilitó', '')","Después facilitó el regreso de la familia de Mehdi Ben Barka, el opositor secuestrado y asesinado."
1090,"('entramado', 'conoce')","Con este apelativo se conoce el entramado de clientelismo y corrupción que Dris Basri, el todopoderoso ministro del Interior, forjó en los 25 años que lleva en el cargo y en los que fue la implacable mano ejecutora de los designios de Hassan II."
1099,"('es', '')","Por eso, lo que ha hecho el nuevo rey es saltarse el sistema, creando organismos nuevos apadrinados por él mismo para atender las prioridades del país y evitar así que sus deseos se pierdan en los laberintos de la burocracia."
1103,"('es', '')","Sin embargo, si hay algo que el monarca debe hacer rápido es atacar la situación de pobreza y miseria en la que viven muchos marroquís."
1105,"('diplomático', 'señala')","""Si no actúa pronto, todo saltará por los aires"", señala un diplomático apuntando hacia el creciente poder de los integristas, en especial del movimiento Justicia y Caridad, que es, con creces, la formación capaz de movilizar a más gente en todo Marruecos."
1107,"('giro', 'Es')",Es este necesario giro social el que concreta la alianza entre el rey y los partidos democráticos.
1115,"('estaba', '')","A los 2 años de edad ya estaba en Badalona y de muy niño empezó a jugar al baloncesto en el colegio de los salesianos; cumplidos los 13 ingresó en el Joventut, y en la Penya sigue: primero, como jugador durante 17 años; luego, como organizador de actividades, y luego, casi seguido, como vicepresidente de la directiva a cuya presidencia acaba de acceder."
1126,"('hace', '')","Y lo hace con acierto: el resultado es una versión estilizada, conservadora en el mejor sentido del término, y permite a los cantantes concentrarse en el plano vocal sin pedirles grandes exigencias dramáticas."
1127,"('Vick', 'permite')","Sólo en la descripción visual de lord Arturo Bucklaw, interpretado por Carlos Cosías, se permite Vick alguna pequeña ironía."
1128,"('cuenta', '')","En esta versión, además, cuenta con una June Anderson en plena forma que sirvió una ejemplar escena de la locura, la más esperada por los aficionados."
1131,"('recordar', '')",Para recordar.
1145,"('años', 'pasado')",- - Han pasado más de cuatro años desde su último disco.
1147,"('salido', '')",Ha salido así.
1150,"('firma', 'aparece')","En esta canción aparece la firma de Pedro Ayres, de Madredeus."
1151,"('buscó', '')",¿Qué buscó en él? - -.
1154,"('hubo', '')","Como casi siempre, no hubo nada premeditado."
1155,"('planteé', '')","Ni siquiera me planteé hacer una canción con aire portugués, porque Sentir suena más bien italiana."
1157,"('Trabajo', '')",- - Trabajo con ella desde 1983.
1158,"('Tenemos', '')",Tenemos un largo camino hecho y eso facilita las cosas.
1160,"('atmósferas', 'abundan')",- - En Un mar de confianza abundan las atmósferas y los medios tiempos.
1161,"('Desea', '')",¿Desea alejarse del campo del rock? - -.
1162,"('Es', '')",Es que no podría hacer un corte como Sumisa de otra manera; sería seguir un tópico sólo por mantener lo que se espera de mí.
1163,"('pienso', '')",No pienso si voy a sonar más dura o más blanda; doy a las canciones lo que exigen.
1165,"('Depende', '')",Depende de cada adulto.
1166,"('interesa', '')",A mí no me interesa hacer cosas ya hechas.
1167,"('gusta', '')","Me gusta pensar que avanzo, aunque a veces no sea hacia adelante sino dando giros."
1168,"('hay', '')","A causa de esto, hay quien ha dicho que después de Piensa en mí he cambiado."
1169,"('grabado', '')",Pero si hubiera cambiado tanto como algunos malintencionados predecían habría grabado cuatro discos de boleros.
1170,"('hago', '')","Al final, en mi trabajo hago sobre todo lo que me da la gana; no atiendo a nada más."
1171,"('siente', '')",- - ¿Se siente responsable de la actualización del bolero a raíz del éxito de Piensa en mí? - -.
1174,"('Canto', '')","Canto lo que me apetece, porque tengo que ser honesta conmigo misma."
1175,"('tiempo', 'pasado')",Ha pasado el tiempo y ahora la gente ya no se rasga las vestiduras por algo así.
1176,"('recuperación', 'parece')",- - ¿Le parece aprovechable la recuperación de la música popular cubana? - -.
1177,"('pareció', '')","Cuando Santiago Auserón, que me parece la persona más preclara, empezó a rescatarla me pareció maravilloso."
1180,"('hay', '')",- - Sí lo hay: ¿le estimulan las últimas hornadas del pop? - -.
1181,"('visto', '')",No he visto ningún grupo nuevo que me parezca un bombazo.
1182,"('sigo', '')",Pero sigo escuchando música; siempre me rodeo de cuatro o cinco discos.
1183,"('recuperado', '')","Ultimamente he recuperado a Scritti Politti y escucho a Alex Gopher, Beck, Smashing Pumpkins...."
1185,"('Prefiero', '')",Prefiero no opinar sobre los artistas españoles.
1187,"('Pienso', '')","Pienso que un grupo que vende tendrá algo que yo no he sabido ver, y lo respeto."
1188,"('yo', 'seré')",No seré yo quien diga que es un horror.
1189,"('atribuye', '')",- - ¿A qué atribuye su éxito comercial en Francia? - -.
1190,"('tengo', '')",No tengo ni la más remota idea.
1193,"('canciones', 'gustado')","Habrán gustado las canciones por sí mismas, no porque yo les haya caído simpática."
1194,"('grabado', '')","Ahora he grabado Sentir en francés, con una mezcla de Alex Gopher, y sale en sencillo este mes."
1196,"('Intento', '')","Intento relacionarlas, o bien por tempos o porque hablan de cosas semejantes."
1197,"('actualizado', '')","He actualizado A cada paso, una canción muy ochentera."
1198,"('mezclando', '')","Estoy mezclando canciones nuevas y antiguas, porque no me gusta que haya sólo un tipo de reacción ante un concierto; quiero que haya emoción y también despelote."
1204,"('basta', '')","Para vencer en Nueva Hampshire no basta con desafiar al frío y a la nieve, o a los competidores."
1206,"('esposa', 'confirmó')","""Mi marido es extrañamente supersticioso"", confirmó ayer su esposa Cindy."
1207,"('Cindy', 'dijo')","Precisamente por ello, el senador por Arizona pensaba ayer matar la ansiedad yéndose al cine, ""como hace todos los días de elecciones"", dijo Cindy."
1209,"('llevado', '')","Hasta ha llevado en el bolsillo la brújula que le regaló un votante de este estado ""para que fuera siempre por el buen camino"", según le dijo."
1226,"('provocado', '')","Asimismo, han provocado un sufrimiento suplementario innecesario a las familias de los implicados con las informaciones publicadas, que, según nuestra opinión, no se corresponden con la realidad."
1231,"('Anunciaron', '')","Anunciaron que pedirán la apertura de una investigación judicial por considerar que ""ha habido una dejadez asistencial""."
1236,"('medallas', 'sirven')","De nada sirven las medallas olímpicas, los primeros puestos en campeonatos del mundo y europeos (torneo de París, etcétera)."
1243,"('tiene', '')",¿Qué más tiene que hacer el judo para que las televisiones le den el trato que se merece un deporte que es y será uno de los más aclamados?.
1257,"('Narváez', 'afirma')","""Estas actuaciones demuestran que Barcelona apuesta por el comercio de barrio"", afirma Narváez."
1259,"('habrá', '')",Entre la Meridiana y la calle del Coronel Sanfeliu habrá dos carriles reservados para la circulación - - en las circunstancias en que esté permitida - - y la carga y descarga.
1260,"('carril', 'reservará')",En el resto de la calle se reservará un solo carril.
1263,"('asegura', '')","""Lo estamos reclamando desde hace 15 años"", asegura."
1265,"('Arévalo', 'añade')","""Nosotros pedimos aceras anchas, y desde el ayuntamiento siempre nos habían hablado de semipeatonalización"", añade Arévalo, que aboga por que a determinadas horas se permita la circulación bajando los pilones."
1267,"('Narváez', 'explica')","""El pasaje se humanizará cerrándolo al tráfico y al estacionamiento de coches"", explica Narváez."
1277,"('delfín', 'Muere')",Muere el delfín rescatado herido en Alicante.
1280,"('recuperación', 'finalizó')","En el CRAM finalizó con éxito, hace un mes, la recuperación de otro delfín hallado en Mataró."
1286,"('plan', 'abordó')","En él, según manifestó Redondo Terreros a Europa Press, no se abordó el plan de paz propuesto por Ibarretxe en Junio, tal y como se había anunciado."
1291,"('Aboga', '')",Aboga por tejer una unidad sólida y de fondo de todos los demócratas.
1297,"('pidió', '')","Por ello, pidió que el portavoz del PNV, Iñaki Anasagasti, y el ministro del Interior, Jaime Mayor Oreja, aprovechen el encuentro de mañana y se ""digan las cosas claras""."
1298,"('Insistió', '')","Insistió en que el Gobierno tiene ""la lealtad y cooperación permanente"" del PSOE a la hora de definir una política de Estado frente al terrorismo."
1300,"('espetó', '')","Sin embargo, desde el compromiso y la voluntad de trabajar juntos, espetó al presidente que es la hora de que ""gobierne"" y ""optimice"" la eficacia policial."
1302,"('Anunció', '')","Anunció que trasladará al lehendakari la posición del PSOE y su ""exigencia"" de que ""se garantice la seguridad y libertad de todos los ciudadanos"", pero evitó pronunciarse sobre el nuevo foro de partidos que Ibarretxe quiere impulsar."
1303,"('es', '')","Lo que sí reconoció es que la trayectoria del PNV durante los últimos meses ""no aporta la confianza suficiente para compartir un proyecto en defensa de la paz""."
1306,"('Añadió', '')","Añadió también que el Ejecutivo de Vitoria es ""débil, incapaz de liderar una situación sin precedentes y con el pecado original de haber sido votado por EH""."
1308,"('Advirtió', '')","Advirtió a sus antiguos socios de que si siguen por la senda de los últimos meses, dejarán de ser un partido necesario y se convertirán en un ""lastre"" para sí mismos y para la sociedad."
1309,"('avisó', '')","En este sentido, avisó a Ibarretxe de que a su Gobierno el tiempo se le ""acaba""."
1313,"('Rodolfo', 'Fallece')","Fallece Rodolfo Bay Wright, fundador de la aerolínea Spantax."
1336,"('escatimado', '')",Para celebrar este 50 aniversario no se ha escatimado en gastos: 100 jóvenes de 18 a 25 años rivalizando hasta el último minuto por un título merecen una audiencia digna de una Copa del Mundo de fútbol.
1337,"('hay', '')","En el inicio de este tinglado de princesas por unos días hay que recordar a Eric Morley, fallecido el pasado noviembre."
1339,"('era', '')",En realidad lo que quería era simplemente atraer la atención sobre su cadena de teatro y salas de juego.
1340,"('encontró', '')",Pero encontró un filón y aquel hallazgo publicitario obtuvo un eco desmedido.
1343,"('bombas', 'Volaron')","Volaron bombas de harina contra un espectáculo, al parecer de muchas, vulgar y degradante."
1345,"('llevaron', '')","De entrada se llevaron a las candidatas a protagonizar un bonito anuncio de biquinis en las Islas Maldivas, donde la temperatura no es la de Londres y, de paso, las chicas ligaban bronceado."
1348,"('Michaela', 'preguntaba')","¿""Cómo podrán conocer nuestra personalidad y nuestra capacidad en tan poco tiempo?"", se preguntaba Michaela Salacova, 18 años y Miss República Checa."
1356,"('teme', '')","Se teme que estos hechos, ocurridos el pasado domingo, arrastren la situación a una nueva y peligrosa escalada de violencia que se inició anoche con tres explosiones en la ciudad mediterránea israelí de Netanya, causando heridas a una cuarentena de personas."
1361,"('trató', '')","Según la policía, se trató de unos 10 kilos de explosivos que también causaron daños materiales en tiendas y vehículos."
1369,"('incidente', 'produjo')","También en Tulkarem, se produjo en la madrugada de ayer un incidente armado con tropas israelís en el que murieron dos miembros de las fuerzas de seguridad palestinas en situación confusa."
1371,"('niño', 'perdió')","En Hebrón, ayer perdió la vida un niño de 10 años que el domingo había resultado gravemente herido en un intercambio de fuego en esta zona."
1372,"('clamó', '')","Asimismo, durante el sepelio multitudinario de un líder de la ultraderecha israelí, Binyamin Zeev Cahana, y de su esposa se clamó a la venganza."
1375,"('joven', 'murió')","En Jizme, al norte de Jerusalén, ayer murió un joven de 22 años abatido por los disparos de colonos judíos que penetraron en esta localidad."
1381,"('Rivaldo', 'figuran')",Entre el grupo de jugadores que deberán resolver este ingrato compromiso (los octavos de final ya se disputarán a doble partido) no figuran ni Rivaldo ni Overmars ni De la Peña.
1383,"('explicó', '')","""Les he dado descanso porque hay que dosificar a la plantilla ya que nos espera un mes de Febrero muy apretado"", explicó."
1388,"('comunicado', '')","En su afán por esconder sus planes, ni siquiera ha comunicado la decisión a los jugadores."
1390,"('dijo', '')","""Hay que tomar precauciones"", dijo."
1395,"('Conozco', '')","Conozco al entrenador, Alvaro, y le gusta el buen fútbol."
1396,"('aseguró', '')","El nivel del equipo es muy alto, juegan muy ordenados y son muy competitivos "", aseguró, advirtiendo que es un rival superior al Gandia."
1409,"('ventas', 'incrementaron')","También se incrementaron las ventas de minidisc, que superaron ampliamente al mercado de videos musicales."
1429,"('violín', 'destaca')","De la amplia gama de instrumentos que se pueden observar en la colección, destaca un violín llamado Ex Von Szerdahely VieuxTemps, de 1736."
1432,"('Yehudi', 'suspiró')","Por él suspiró Yehudi Menuhin, que elogió su sonoridad."
1437,"('Claude', 'dijo')","Los violines no se pueden copiar, son únicos "", dijo Claude Lebet, uno de los luthiers más reconocido."
1440,"('Claude', 'apuntó')","El resto de las familias optó por una vía más instintiva "", apuntó Claude Lebet."
1444,"('información', 'solicitar')","Además de la vía telefónica, también se puede solicitar la información tributaria personalizada por Internet, a través del dominio www.aeat.es, aunque en estos casos es necesario que la persona que pide sus datos disponga de un certificado de autentificación de la Fábrica Nacional de Moneda y Timbre."
1450,"('incluir', '')","En este caso, deberá incluirlas en el sobre de su declaración de la Renta para que se tengan en cuenta en el proceso de revisión."
1452,"('Llegará', '')",Llegará con Guns n'Roses al Sant Jordi el 20 de junio.
1462,"('políticos', 'intervienen')","En el programa intervienen políticos, historiadores, profesores universitarios y víctimas del terrorismo."
1467,"('canción', 'faltará')","Entre ellas, no faltará la canción Forever Love, de los X-Japan, grupo del que el ministro es fan declarado hasta el punto de que sonó con fuerza en todos sus actos de campaña electoral."
1468,"('Elvis', 'faltará')","En el compacto, que todavía no tiene fecha de salida al mercado, no faltará tampoco ni Elvis ni el italiano Arturo Paganini."
1473,"('añadió', '')",A su falta de dominio del ritmo parlamentario - - el miércoles perdió un debate cuerpo a cuerpo con Pujol simplemente porque no calculó el tiempo que tenía para intervenir - - añadió luego otra dosis de desconcierto a su estrategia de oposición al pronunciarse a favor del adelanto electoral en Catalunya.
1474,"('hizo', '')","Lo hizo a remolque del presidente de Iniciativa, Joan Saura, y después de llevar meses amagando con la presentación de una moción de censura que nunca llega."
1475,"('Da', '')",Da la sensación de que Maragall fía demasiadas cartas a su evidente brillantez.
1476,"('hace', '')","Pero lo hace desde la improvisación y sin asumir el sofisticado papel de cabeza visible de la oposición, entre cuyas obligaciones está transmitir con claridad sus ideas alternativas para derrotar a CiU cuando toquen elecciones, que de momento es en el otoño del 2003."
1477,"('vivimos', '')","Hace unos años, con la recuperación de la democracia y las libertades, vivimos con regocijo libertador el momento en que nuestras compañeras, las mujeres, se libraron de uno de los tabúes de su sexo, y empezaron a exhibir, gozosas, en playas y piscinas, sus senos secularmente escondidos."
1482,"('Será', '')",¿Será que el tabú del seno materno es demasiado fuerte para destruirlo?.
1491,"('SUPREMO', 'DICE')",LO QUE DICE EL SUPREMO.
1499,"('jugador', 'elogia')","Su labor la elogia incluso un jugador díscolo como pocos, Clarence Seedorf, que ha recobrado su mejor nivel: ""Ganemos o perdamos, ahora tenemos un equipo con espíritu, con la mentalidad justa""."
1506,"('Kallon', 'forman')","La forman Kallon, jugador de Sierra Leona, y Ventola, un delantero forjado en la cantera del Inter que ha recuperado este año del Atalanta."
1516,"('tendremos', '')","Si a eso añadimos las imágenes intercaladas de unos niños, a uno de los cuales le falta un ojo, acosando con sus perros a una vaca que está inmovilizada en la ciénaga ponzoñosa, y la contemplación que de la decadente escena del fin de fiesta junto a la piscina hacen otras niñas, hijas de los anfitriones del festejo etílico, tendremos la medida justa de lo que intenta y provoca Lucrecia Martel con su debut: crear una sensación permanente de malestar, de enfermizo y a la vez realista agobio cotidiano, a través de la cual se cuelan los retazos dramáticos de la existencia de dos familias emparentadas."
1522,"('decidieron', '')",Ayer decidieron suspender la protesta porque el ayuntamiento ha empezado a adecentar el barrio.
1525,"('Es', '')",Es como si quisiera ocultar aquello que cada noche atrae a propios y extraños como un emblema más de la urbe de las mil caras.
1526,"('era', '')","Hasta el viernes pasado, ir al Bagdad era ir a ver un espectáculo porno con el regusto de lo prohibido."
1529,"('topa', '')","Cuando el espectador desciende por las escaleras de la sala pionera del sexo en vivo (abrió en 1976), se topa con ella."
1530,"('Francisco', 'explica')","""La primera vez que bajé y vi la pared pensé que la habían hecho los dueños para que la sala pareciera una cueva de vicio y perversión"", explica Francisco S., de 30 años."
1532,"('añade', '')","""La gente que viene niega haber estado aquí, pero ahora, con la muralla, tendrán excusa para reconocerlo"", añade con mirada cómplice a David."
1534,"('descanso', 'Llega')","Llega un descanso, pero vacila antes de responder: ""Me ha extrañado mucho lo de la muralla, pero por eso he venido"" ."
1535,"('estuve', '')",""" Hacía muchos años que estuve y no lo sabía""."
1537,"('Actúan', '')","Actúan desde hace cinco años en el Bagdad y, ahora, se sienten más orgullosos de la pared que tienen delante cuando copulan en escena."
1539,"('Claudia', 'dice')","Y es que cuando toco la pared noto que tiene historia, que tiene sentimiento "", dice Claudia, segura de saber siempre lo que toca."
1541,"('Desea', '')",Desea poner una placa y ofrecer un poco de historia entre jadeo y vaivén.
1542,"('cuenta', '')","""Si nos catalogan, podremos hacer un número especial en el espectáculo"", cuenta."
1545,"('Pensaba', '')","""Pensaba que era romana, pero siempre he sabido que tenía mucha historia."
1547,"('técnico', 'añade')","Que si el número del enano, que si la que lo hace con 10 y ahora esto "", añade el técnico, un fotógrafo que lleva la mitad de su vida bañando de luz y sonido miles de espectáculos porno desde su pétreo e histórico agujero."
1548,"('arma', '')","Siempre que el Bagdad hace algo, se arma."
1551,"('preacuerdo', 'firmó')","El pasado jueves se firmó en Londres un preacuerdo privado entre los actuales dueños, el grupo japonés Sogo, y el Deutsche Bank."
1558,"('fondo', 'figuraba')","Entre los aspirantes figuraba el fondo participado por Prudential y Goldman Sachs - - Strategic Hotel Capital (SHC) - -, aliado con un consorcio español integrado por el propietario de Inditex, Amancio Ortega, la empresaria Alicia Koplowitz y el grupo inversor catalán Metrópolis (en el que participa la familia Lara, propietaria del grupo editorial Planeta)."
1559,"('Ofrecieron', '')","Ofrecieron 36.000 millones de pesetas (216,3 millones de euros)."
1569,"('ve', '')",Cuando Sam (Sean Astin) y Frodo están en el campo con el espantapájaros se ve al fondo pasar un coche de derecha a izquierda.
1575,"('estar', '')",Teniendo en cuenta su escasa estatura y el tamaño de los habitantes de la localidad debería estar por encima de su cabeza.
1578,"('dejado', '')","En la siguiente toma, cuando ya las han dejado atrás, una estatua tiene levantado el brazo izquierdo y la otra, el derecho."
1580,"('periodo', 'Existe')",Existe un periodo de coexistencia de monedas en el que las pesetas pueden cambiarse en los bancos o gastarse en las tiendas.
1581,"('pesetas', 'cambiar')","Pasado este periodo de doble circulación, que acaba el 28 de febrero, se podrán cambiar pesetas por euros en cualquier banco hasta el 30 de junio."
1591,"('esgrimió', '')","Para demostrarlo, esgrimió una papeleta recibida por un ayuntamiento socio de la entidad en la que se pide el apoyo para Porta."
1594,"('Apuntó', '')","Apuntó que asume las críticas de la oposición ""deportivamente"" y agregó: ""No sé qué gran pecado he hecho para merecer todo esto y puede ser que me decapite yo mismo; así, trabajo hecho""."
1601,"('hay', '')","Junto al elevado índice de delincuencia de los inmigrantes sumergidos en las bolsas de marginalidad, hay al menos otras dos causas que explican este dato: primero, que a muchos extranjeros (44.139 el año pasado) se les detiene sólo por estar en situación irregular; y segundo, que la fiscalía pide sistemáticamente el ingreso en prisión preventiva de los inmigrantes sin papeles."
1607,"('bailaron', '')","Y luego, claro, bailaron locos de alegría por la gesta conseguida cuando el torneo abría sus puertas."
1608,"('suena', '')",Así como suena.
1611,"('encontrado', '')","Si la FIFA, convaleciente de una cruenta batalla interna, salpicada por la plaga de la corrupción, hubiera buscado un escenario mejor no lo habría encontrado."
1614,"('pujanza', 'surgió')","Cuando todas las televisiones estaban conectadas con el inexplorado y desconocido mercado asiático, surgió la imparable pujanza de Senegal que encarna el crecimiento de África, un continente que se resiste a vivir eternamente en la pobreza."
1616,"('asoma', '')","Paso a paso, se asoma orgulloso a la élite, sin preguntar por quién tiene delante."
1617,"('Roger', 'dijo')","""Ha jugado de forma extraordinaria, sensacional. Ha sido un gran Senegal"", dijo ayer un rendido y entregado Roger Lemerre, el técnico francés."
1618,"('técnico', 'añadió')","""Claro que nos ha complicado el futuro porque era capital empezar con tres puntos"", añadió el técnico, que se mostró ""tremendamente desolado""."
1621,"('Pensó', '')","Pensó que hay vida sin Zidane, pero Senegal se encargó de demostrarle que no es así."
1622,"('alzó', '')","Además, alzó la voz en el momento justo para recordar que el fútbol también ha llegado a África."
1623,"('Tuvo', '')","Tuvo que ser, curiosamente, en Seúl, la ciudad donde en 1988 lograra este país, de apenas nueve millones de habitantes, su primera medalla olímpica."
1624,"('Tuvo', '')",Tuvo que ser en Seúl teniendo por testigos directos a 62.561 espectadores y millones y millones de personas esparcidas por el planeta.
1627,"('Tiene', '')",Tiene un inagotable talento humano y no existe mayor tesoro.
1628,"('Bruno', 'proclamó')","""Este partido lo habíamos soñado, lo habíamos pensado y lo hemos conseguido. Es un gran premio para nuestro país y para los jugadores"", proclamó un emocionado Bruno Metsu, un anónimo técnico francés que ha ganado a Francia."
1630,"('sabe', '')",Y sabe lo que quiere: jugar de forma sencilla.
1631,"('Metsu', 'añadió')","""Estamos muy contentos de haber logrado esta increíble hazaña"", añadió Metsu, sin comprender aún la dimensión de esa victoria."
1633,"('dijo', '')","""Es mentira"", dijo, en respuesta al vicepresidente Mariano Rajoy, quien sugirió que la inactividad de la organización terrorista se explica por un pacto entre la banda y los nacionalistas."
1635,"('Da', '')","Da la impresión de que desean que ETA actúe""."
1637,"('quejó', '')","""No hay derecho"", se quejó, en alusión a la ""identificación"" que hacen los populares entre el PNV y ETA."
1638,"('atacan', '')","""Nos atacan porque se lo pide el cuerpo, porque quieren ganar votos del Ebro para abajo y para tapar sus miserias""."
1641,"('líder', 'negó')","Tres veces negó el líder peneuvista que su partido se vaya a ""tirar al monte"" en septiembre, cuando concluya el ultimátum que el lehendakari, Juan José Ibarretxe, dio a José María Aznar para traspasar las competencias pendientes a Euskadi."
1642,"('echaremos', '')","""No nos echaremos al monte, pero tampoco nos vamos a quedar como lelos."
1643,"('dijo', '')","La ley da para mucho y la voluntad del pueblo también "", dijo."
1645,"('dijo', '')","""Hemos hecho un acuerdo porque creemos que es justo y es nuestro camino"", dijo."
1648,"('Arzalluz', 'dijo')","""En el PNV tenemos derecho a pensar de él lo que nos parece si realmente es un nostálgico del franquismo"", dijo Arzalluz, que también criticó al director del Euskobarómetro, Francisco Llera, que anunció su marcha de Euskadi: ""se va con el chollo que le han dado (una cátedra en Nueva York), como si se le hubiéramos echado""."
1651,"('Citó', '')",Citó un texto del presidente en el diario Nueva Rioja del 9 de marzo de 1979.
1653,"('aprueba', '')",""" El de Guernica aprueba por unanimidad retirar la medalla de la villa así como todos los honores concedidos al anterior jefe del Estado que, aunque moleste a muchos, gobernó 40 años y se llamaba Francisco Franco""."
